node1,node2
byu-magicc/kbhackathon,intel-isl/OpenBot
microsoft/AutonomousDrivingCookbook,intel-isl/OpenBot
VapeRC/Robocar,Roboy/autonomous_driving_v2
TUM-AERIUS/Aerius,Roboy/autonomous_driving_v2
carla-simulator/carla,microsoft/AutonomousDrivingCookbook
microsoft/AutonomousDrivingCookbook,byu-magicc/kbhackathon
KNR-Selfie/selfie-archive-cc-iarrc2018,KNR-Selfie/selfie_f1tenth
udacity/self-driving-car-sim,whats-in-a-name/CarND-Capstone
udacity/isdc-router-planner-project,bedlamite5/CarND-Capstone
teamsoulless/self-driving-car-sim,Self-Driving-Car-NDegree-M-Russo/CarND-P1-Lane-Lines
whats-in-a-name/CarND-Capstone,Self-Driving-Car-NDegree-M-Russo/CarND-P1-Lane-Lines
tokyo-drift/capstone-project,Self-Driving-Car-NDegree-M-Russo/CarND-P1-Lane-Lines
ZhuiFengChaseWind/Self-Driving_Car_Capstone,Self-Driving-Car-NDegree-M-Russo/CarND-P1-Lane-Lines
udacity/isdc-router-planner-project,unstoppables/Real-Self-Driving-Car
whats-in-a-name/CarND-Capstone,joytafty-work/Rimchala_CarND-Vehicle-Detection
teamsoulless/self-driving-car-sim,joytafty-work/Rimchala_CarND-Vehicle-Detection
whats-in-a-name/CarND-Capstone,joytafty-work/Rimchala_CarND-Advanced-Lane-Lines
udacity/isdc-router-planner-project,joytafty-work/Rimchala_CarND-Advanced-Lane-Lines
teamsoulless/self-driving-car-sim,joytafty-work/Rimchala_CarND-Advanced-Lane-Lines
tokyo-drift/capstone-project,joytafty-work/Rimchala_CarND-Vehicle-Detection
tokyo-drift/capstone-project,joytafty-work/Rimchala_CarND-Advanced-Lane-Lines
ZhuiFengChaseWind/Self-Driving_Car_Capstone,joytafty-work/Rimchala_CarND-Vehicle-Detection
ZhuiFengChaseWind/Self-Driving_Car_Capstone,joytafty-work/Rimchala_CarND-Advanced-Lane-Lines
whats-in-a-name/CarND-Capstone,udacity/isdc-router-planner-project
teamsoulless/self-driving-car-sim,udacity/isdc-router-planner-project
teamsoulless/self-driving-car-sim,whats-in-a-name/CarND-Capstone
tokyo-drift/capstone-project,udacity/isdc-router-planner-project
ZhuiFengChaseWind/Self-Driving_Car_Capstone,udacity/isdc-router-planner-project
whats-in-a-name/CarND-Capstone,joytafty-work/Rimchala_CarND-LaneLines-P1
teamsoulless/self-driving-car-sim,joytafty-work/Rimchala_CarND-LaneLines-P1
udacity/isdc-router-planner-project,joytafty-work/Rimchala_CarND-LaneLines-P1
tokyo-drift/capstone-project,joytafty-work/Rimchala_CarND-LaneLines-P1
tsinghua-rll/VoxelNet-tensorflow,nap-lab/apollo-documentation
ZhuiFengChaseWind/Self-Driving_Car_Capstone,joytafty-work/Rimchala_CarND-LaneLines-P1
buyforgirl/CarND-LaneLines-P1,udacity-om/CarND-Capstone
buyforgirl/CarND-LaneLines-P1,TeamDoernbach/SDCNanodegreeCapstone
ApolloAuto/apollo,jayway/robocar-rally-lab
unstoppables/Real-Self-Driving-Car,buyforgirl/CarND-LaneLines-P1
buyforgirl/CarND-LaneLines-P1,TeamPerceptronics/Capstone
ZhuiFengChaseWind/Self-Driving_Car_Capstone,buyforgirl/CarND-LaneLines-P1
udacity/CarND-Extended-Kalman-Filter-Project,buyforgirl/CarND-LaneLines-P1
bedlamite5/CarND-Capstone,monoDriveIO/documentation
udacity/CarND-Unscented-Kalman-Filter-Project,monoDriveIO/documentation
unstoppables/Real-Self-Driving-Car,monoDriveIO/documentation
monoDriveIO/documentation,udacity-om/CarND-Capstone
monoDriveIO/documentation,TeamDoernbach/SDCNanodegreeCapstone
udacity/self-driving-car-sim,monoDriveIO/documentation
whats-in-a-name/CarND-Capstone,monoDriveIO/documentation
joytafty-work/Rimchala_CarND-LaneLines-P1,monoDriveIO/documentation
Self-Driving-Car-NDegree-M-Russo/CarND-P1-Lane-Lines,monoDriveIO/documentation
tokyo-drift/capstone-project,monoDriveIO/documentation
